AX-52,Acceltra,Acceltra_Prime,Ack_&_Brunt,Acrid,Aegrit,Aeolak,Afentis,Afuris,Afuris_Prime,Agkuza,Akarius,Akarius_Prime,Akaten,Akbolto,Akbolto_Prime,Akbronco,Akbronco_Prime,Akjagara,Akjagara_Prime,Aklato,Aklex,Aklex_Prime,Akmagnus,Akmagnus_Prime,Aksomati,Aksomati_Prime,Akstiletto,Akstiletto_Prime,Akvasto,Akvasto_Prime,Akzani,Alternox,Ambassador,Amphis,Amprex,Angstrum,Anku,Ankyros,Ankyros_Prime,Apoc,Apoc_MK_I,Apoc_MK_II,Apoc_MK_III,Arca_Plasmor,Arca_Scisco,Arca_Titron,Argo_&_Vel,Argonak,Arquebex,Artax,Artemis_Bow,Artemis_Bow_Prime,Arum_Spinosa,Astilla,Astilla_Prime,Athodai,Atomos,Atterax,Attica,Azima,Azothane,Balefire_Charger,Balefire_Charger_Prime,Balla,Ballistica,Ballistica_Prime,Basmu,Batoten,Battacor,Baza,Baza_Prime,Bo,Bo_Prime,Boar,Boar_Prime,Boltace,Bolto,Boltor,Boltor_Prime,Brakk,Braton,Braton_Prime,Braton_Vandal,Broken_Scepter,Broken_War,Bronco,Bronco_Prime,Bubonico,Burst_Laser,Burst_Laser_Prime,Burston,Burston_Prime,Buzlok,Cadus,Cantare,Cantic_Prism,Carcinnox,Carcinnox_MK_I,Carcinnox_MK_II,Carcinnox_MK_III,Carmine_Penta,Cassowar,Castanas,Catabolyst,Catchmoon,Caustacyst,Cedo,Centaur,Ceramic_Dagger,Cerata,Cernos,Cernos_Prime,Cestra,Ceti_Lacera,Cinta,Cobra_&_Crane,Cobra_&_Crane_Prime,Convectrix,Corinth,Corinth_Prime,Cortege,Corufell,Corvas,Corvas_Prime,Cronus,Cryophon,Cryophon_MK_I,Cryophon_MK_II,Cryophon_MK_III,Cryotra,Cyanex,Cyath,Cycron,Cyngas,Daikyu,Dakra_Prime,Dargyn,Dark_Dagger,Dark_Split-Sword,Dark_Sword,Deconstructor,Deconstructor_Prime,Dehtat,Dera,Dera_Vandal,Desert_Wind,Desert_Wind_Prime,Despair,Destreza,Destreza_Prime,Deth_Machine_Rifle,Deth_Machine_Rifle_Prime,Detron,Dex_Dakra,Dex_Furis,Dex_Nikana,Dex_Pixia,Dex_Pixia_Prime,Dex_Sybaris,Dissic_Scaffold,Diwata,Diwata_Prime,Dokrahm,Dorrclave,Dragon_Nikana,Drakgoon,Dread,Dual_Cestra,Dual_Cleavers,Dual_Decurion,Dual_Ether,Dual_Heat_Swords,Dual_Ichor,Dual_Kamas,Dual_Kamas_Prime,Dual_Keres,Dual_Keres_Prime,Dual_Raza,Dual_Skana,Dual_Toxocyst,Dual_Zoren,Ebisu_Spear,Edun,Ekhein,Embolist,Endura,Epitaph,Ether_Daggers,Ether_Reaper,Ether_Sword,Euphona_Prime,Evensong,Exalted_Blade,Exalted_Prime_Blade,Exalted_Umbra_Blade,Exard_Scaffold,Exergis,Falcor,Fang,Fang_Prime,Felarx,Ferrox,Fluctus,Flux_Rifle,Fragor,Fragor_Prime,Fulmin,Fulmin_Prime,Furax,Furax_Wraith,Furis,Fusilai,Galatine,Galatine_Prime,Galvacord,Galvarc,Galvarc_MK_I,Galvarc_MK_II,Galvarc_MK_III,Gammacor,Garuda_Prime_Talons,Garuda_Talons,Gazal_Machete,Gaze,Ghoulsaw,Glaive,Glaive_Prime,Glaxion,Glaxion_Vandal,Glazio_MK_I,Glazio_MK_II,Glazio_MK_III,Glory,Gorgon,Gorgon_Wraith,Gotva_Prime,Grakata,Gram,Gram_Prime,Granmu_Prism,Grattler,Grimoire,Grinlok,Guandao,Guandao_Prime,Gunsen,Gunsen_Prime,Halikar,Halikar_Wraith,Hand_Grenade,Harmony,Harpak,Hate,Heat_Dagger,Heat_Sword,Hek,Heliocor,Helstrum,Hema,Hespar,Hikou,Hikou_Prime,Hind,Hirudo,Hystrix,Hystrix_Prime,Ignis,Ignis_Wraith,Imperator,Imperator_Vandal,Innodem,Iron_Staff,Iron_Staff_Prime,Ironbride,Jat_Kittag,Jat_Kusar,Javlok,Jaw_Sword,Kama,Karak,Karak_Wraith,Karyst,Karyst_Prime,Kaszas,Keratinos,Kesheg,Kestrel,Klamora_Prism,Klebrik_Scaffold,Knell,Knell_Prime,Knux,Kogake,Kogake_Prime,Kohm,Kohmak,Komorex,Kompressa,Korrudo,Korumm,Kraken,Kreska,Krohkur,Kronen,Kronen_Prime,Kronsh,Kulstar,Kunai,Kuva_Ayanga,Kuva_Brakk,Kuva_Bramma,Kuva_Chakkhurr,Kuva_Drakgoon,Kuva_Grattler,Kuva_Hek,Kuva_Hind,Kuva_Karak,Kuva_Kohm,Kuva_Kraken,Kuva_Nukor,Kuva_Ogris,Kuva_Quartakk,Kuva_Seer,Kuva_Shildeg,Kuva_Sobek,Kuva_Tonkor,Kuva_Twin_Stubbas,Kuva_Zarr,Lacera,Lacerten,Laetum,Laith_MK_I,Laith_MK_II,Laith_MK_III,Lanka,Lanzo_Fishing_Spear,Larkspur,Larkspur_Prime,Laser_Rifle,Lato,Lato_Prime,Lato_Vandal,Latron,Latron_Prime,Latron_Wraith,Lavan_Apoc_MK_I,Lavan_Apoc_MK_II,Lavan_Apoc_MK_III,Lavan_Carcinnox_MK_I,Lavan_Carcinnox_MK_II,Lavan_Carcinnox_MK_III,Lavan_Cryophon_MK_I,Lavan_Cryophon_MK_II,Lavan_Cryophon_MK_III,Lavan_Glazio_MK_I,Lavan_Glazio_MK_II,Lavan_Glazio_MK_III,Lavan_Laith_MK_I,Lavan_Laith_MK_II,Lavan_Laith_MK_III,Lavan_Photor_MK_I,Lavan_Photor_MK_II,Lavan_Photor_MK_III,Lavan_Pulsar_MK_I,Lavan_Pulsar_MK_II,Lavan_Pulsar_MK_III,Lavan_Talyn_MK_I,Lavan_Talyn_MK_II,Lavan_Talyn_MK_III,Lavan_Vort_MK_I,Lavan_Vort_MK_II,Lavan_Vort_MK_III,Lecta,Lega_Prism,Lenz,Lesion,Lex,Lex_Prime,MK1-Bo,MK1-Braton,MK1-Furax,MK1-Furis,MK1-Kunai,MK1-Paris,MK1-Strun,Machete,Machete_Wraith,Magistar,Magnus,Magnus_Prime,Mandonel,Mara_Detron,Marelok,Masseter,Masseter_Prime,Mausolon,Mewan,Milati,Milati_MK_I,Milati_MK_II,Milati_MK_III,Mios,Mire,Miter,Morgha,Mote_Amp,Multron,Mutalist_Cernos,Mutalist_Quanta,Nagantaka,Nagantaka_Prime,Nami_Skyla,Nami_Skyla_Prime,Nami_Solo,Nataruk,Nepheri,Nikana,Nikana_Prime,Ninkondi,Ninkondi_Prime,Noctua,Nukor,Obex,Ocucor,Ogris,Ohma,Okina,Okina_Prime,Onorix,Onos,Ooltha,Opticor,Opticor_Vandal,Orthos,Orthos_Prime,Orvius,Pandero,Pandero_Prime,Pangolin_Prime,Pangolin_Sword,Panthera,Panthera_Prime,Paracesis,Paracyst,Parazon,Paris,Paris_Prime,Pathocyst,Pencha_Scaffold,Pennant,Penta,Peram_Fishing_Spear,Perigale,Phaedra,Phage,Phahd_Scaffold,Phantasma,Phantasma_Prime,Phenmor,Photor,Photor_MK_I,Photor_MK_II,Photor_MK_III,Plague_Keewar,Plague_Kripath,Plasma_Sword,Plinx,Pox,Praedos,Prime_Laser_Rifle,Prisma_Angstrum,Prisma_Burst_Laser,Prisma_Dual_Cleavers,Prisma_Dual_Decurions,Prisma_Gorgon,Prisma_Grakata,Prisma_Grinlok,Prisma_Lenz,Prisma_Machete,Prisma_Obex,Prisma_Ohma,Prisma_Skana,Prisma_Tetra,Prisma_Twin_Gremlins,Prisma_Veritux,Proboscis_Cernos,Propa_Scaffold,Prova,Prova_Vandal,Pugil,Pulmonars,Pulsar,Pulsar_MK_I,Pulsar_MK_II,Pulsar_MK_III,Pupacyst,Pyrana,Pyrana_Prime,Quanta,Quanta_Vandal,Quartakk,Quassus,Quatz,Quellor,Rabvee,Rahn_Prism,Rakta_Ballistica,Rakta_Cernos,Rakta_Dark_Dagger,Rampart,Raplak_Prism,Rathbone,Rattleguts,Rauta,Razorflies,Reaper_Prime,Redeemer,Redeemer_Prime,Regulators,Regulators_Prime,Ripkas,Rubico,Rubico_Prime,Rumblejack,Ruvox,Sampotes,Sancti_Castanas,Sancti_Magistar,Sancti_Tigris,Sarofang,Sarpa,Scindo,Scindo_Prime,Scoliac,Scourge,Scourge_Prime,Secura_Dual_Cestra,Secura_Lecta,Secura_Penta,Seer,Sepfahn,Sepulcrum,Serro,Shadow_Claws,Shaku,Shedu,Sheev,Shockprod_Fishing_Spear,Shraksun_Scaffold,Shwaak_Prism,Sibear,Sicarus,Sicarus_Prime,Sigma_&_Octantis,Silva_&_Aegis,Silva_&_Aegis_Prime,Simulor,Sirocco,Skana,Skana_Prime,Skiajati,Slaytra,Snipetron,Snipetron_Vandal,Soaktron,Sobek,Soma,Soma_Prime,Sonicor,Spari_Spear,Spectra,Spectra_Vandal,Spira,Spira_Prime,Sporelacer,Sporothrix,Stahlta,Staticor,Steflos,Stinger,Stradavar,Stradavar_Prime,Stropha,Strun,Strun_Prime,Strun_Wraith,Stubba,Stug,Stunna_Fishing_Spear,Sun_&_Moon,Supra,Supra_Vandal,Sweeper,Sweeper_Prime,Syam,Sybaris,Sybaris_Prime,Sydon,Synapse,Synoid_Gammacor,Synoid_Heliocor,Synoid_Simulor,Talons,Talyn_MK_I,Talyn_MK_II,Talyn_MK_III,Tatsu,Tatsu_Prime,Tazicor,Tekko,Tekko_Prime,Telos_Akbolto,Telos_Boltace,Telos_Boltor,Tenet_Agendus,Tenet_Arca_Plasmor,Tenet_Cycron,Tenet_Detron,Tenet_Diplos,Tenet_Envoy,Tenet_Exec,Tenet_Ferrox,Tenet_Flux_Rifle,Tenet_Glaxion,Tenet_Grigori,Tenet_Livia,Tenet_Plinx,Tenet_Spirex,Tenet_Tetra,Tenora,Tenora_Prime,Tetra,Tiberon,Tiberon_Prime,Tigris,Tigris_Prime,Tipedo,Tipedo_Prime,Tombfinger,Tonbo,Tonkor,Torid,Trumna,Tulok_Fishing_Spear,Tunguska_Cannon,Twin_Basolk,Twin_Grakatas,Twin_Gremlins,Twin_Kohmak,Twin_Krohkur,Twin_Rogga,Twin_Vipers,Twin_Vipers_Wraith,Tycho_Seeker,Tycho_Seeker_MK_I,Tycho_Seeker_MK_II,Tycho_Seeker_MK_III,Tysis,Unarmed,Valkyr_Prime_Talons,Valkyr_Talons,Vastilok,Vasto,Vasto_Prime,Vaykor_Hek,Vaykor_Marelok,Vaykor_Sydon,Vectis,Vectis_Prime,Veldt,Velocitus,Velox,Velox_Prime,Venato,Venka,Venka_Prime,Verdilac,Verglas,Vericres,Veritux,Vermisplicer,Vidar_Apoc_MK_I,Vidar_Apoc_MK_II,Vidar_Apoc_MK_III,Vidar_Carcinnox_MK_I,Vidar_Carcinnox_MK_II,Vidar_Carcinnox_MK_III,Vidar_Cryophon_MK_I,Vidar_Cryophon_MK_II,Vidar_Cryophon_MK_III,Vidar_Glazio_MK_I,Vidar_Glazio_MK_II,Vidar_Glazio_MK_III,Vidar_Laith_MK_I,Vidar_Laith_MK_II,Vidar_Laith_MK_III,Vidar_Photor_MK_I,Vidar_Photor_MK_II,Vidar_Photor_MK_III,Vidar_Pulsar_MK_I,Vidar_Pulsar_MK_II,Vidar_Pulsar_MK_III,Vidar_Talyn_MK_I,Vidar_Talyn_MK_II,Vidar_Talyn_MK_III,Vidar_Vort_MK_I,Vidar_Vort_MK_II,Vidar_Vort_MK_III,Viper,Viper_Wraith,Vitrica,Volnus,Volnus_Prime,Vort_MK_I,Vort_MK_II,Vort_MK_III,Vulcax,Vulkar,Vulkar_Wraith,Vulklok,War,Wolf_Sledge,Xoris,Zakti,Zakti_Prime,Zarr,Zenistar,Zenith,Zetki_Apoc_MK_I,Zetki_Apoc_MK_II,Zetki_Apoc_MK_III,Zetki_Carcinnox_MK_I,Zetki_Carcinnox_MK_II,Zetki_Carcinnox_MK_III,Zetki_Cryophon_MK_I,Zetki_Cryophon_MK_II,Zetki_Cryophon_MK_III,Zetki_Glazio_MK_I,Zetki_Glazio_MK_II,Zetki_Glazio_MK_III,Zetki_Laith_MK_I,Zetki_Laith_MK_II,Zetki_Laith_MK_III,Zetki_Photor_MK_I,Zetki_Photor_MK_II,Zetki_Photor_MK_III,Zetki_Pulsar_MK_I,Zetki_Pulsar_MK_II,Zetki_Pulsar_MK_III,Zetki_Talyn_MK_I,Zetki_Talyn_MK_II,Zetki_Talyn_MK_III,Zetki_Vort_MK_I,Zetki_Vort_MK_II,Zetki_Vort_MK_III,Zhuge,Zhuge_Prime,Zylok,Zylok_Prime,Zymos